geolocation_zip_code_prefix,geolocation_lat,geolocation_lng,geolocation_city,geolocation_state
1251,-23.547806150989636,-46.67377479641069,sao paulo,SP
69029,-3.115909707744235,-60.04116578864908,manaus,AM
15495,-19.98582581269562,-49.67844434061383,riolandia,SP
25845,-22.236159999999927,-43.10192999999998,areal,RJ
2402,-23.48566741934032,-46.628641105021735,sao paulo,SP
22450,-22.98658854203942,-43.231261316406,rio de janeiro,RJ
5655,-23.61100330980269,-46.7144279882359,sao paulo,SP
11515,-23.89154485101975,-46.43092684980798,cubatao,SP
15828,-21.086751955996974,-48.80876302005082,palmares paulista,SP
20765,-22.87274437745977,-43.28163677338562,rio de janeiro,RJ
14090,-21.180620467352405,-47.79209477426693,ribeirao preto,SP
14890,-21.271122243741484,-48.31512465048333,jaboticabal,SP
4741,-23.648338739656097,-46.70067684901035,sao paulo,SP
38950,-19.4768041017272,-46.53867904862979,ibia,MG
8110,-23.498767125526168,-46.40117222329649,sao paulo,SP
85501,-26.225634984290288,-52.67707839964386,pato branco,PR
15560,-20.181847302715816,-49.704845903703344,pontes gestal,SP
32140,-19.89886005578572,-44.02983960989823,contagem,MG
22451,-22.983498829165363,-43.24194936275983,rio de janeiro,RJ
57038,-9.602086500000006,-35.6803425,maceio,AL
30240,-19.92890947989316,-43.91864228868207,belo horizonte,MG
91787,-30.158003536211037,-51.17792399999999,porto alegre,RS
89874,-26.75766012775805,-53.17764204254542,maravilha,SC
38031,-19.77180089657243,-47.930353662829184,uberaba,MG
46130,-14.429002073712288,-41.46782400000001,aracatu,BA
99050,-28.247309739530525,-52.38808913026764,passo fundo,RS
8060,-23.50012804884875,-46.45013425145709,são paulo,SP
37955,-21.07993606247952,-47.04460402855617,itamogi,MG
29101,-20.35194899230264,-40.286149298677394,vila velha,ES
8280,-23.55960353788447,-46.47693911157594,sao paulo,SP
35045,-18.88189145813728,-41.96881923017466,governador valadares,MG
76940,-11.72630279995518,-61.75985524024307,rolim de moura,RO
8725,-23.5551502603651,-46.18319230336508,mogi das cruzes,SP
17539,-22.22073602763148,-49.88095741805628,marilia,SP
59675,-4.977393516249429,-37.15604476398498,grossos,RN
81560,-25.492075844337005,-49.21040444371679,curitiba,PR
69060,-3.0850972757319783,-60.0034009653314,manaus,AM
22723,-22.911872634185023,-43.40537169098227,rio de janeiro,RJ
5446,-23.55517182930352,-46.7000141658204,sao paulo,SP
13770,-21.53855590202633,-46.64616010792805,caconde,SP
2053,-23.510427444341925,-46.60117949988444,sao paulo,SP
8673,-23.53647782681249,-46.31962629670604,suzano,SP
4851,-23.748084,-46.66718025,sao paulo,SP
4776,-23.67909141465176,-46.70851132278265,sao paulo,SP
40300,-12.967605541039916,-38.49758031070114,salvador,BA
92025,-29.924938465377647,-51.16522610696729,canoas,RS
3059,-23.540821669715537,-46.592480268249744,sao paulo,SP
89260,-26.50847112960936,-49.144720946967645,jaragua do sul,SC
11680,-23.43269956702638,-45.07241900236592,ubatuba,SP
13563,-21.990311695539216,-47.921305205811,sao carlos,SP
79082,-20.510661593398314,-54.64418559879401,campo grande,MS
21235,-22.83031646535313,-43.319036950590046,rio de janeiro,RJ
5207,-23.398658999999995,-46.7538615,sao paulo,SP
4653,-23.665204491746312,-46.67200180981755,sao paulo,SP
96487,-31.734154783978568,-53.5910009652762,pedras altas,RS
16600,-22.00568226219433,-49.45689591751812,pirajui,SP
63160,-7.049053357581683,-40.134048405807285,potengi,CE
4301,-23.64530666538758,-46.62592145481584,são paulo,SP
6775,-23.635440876797684,-46.78977610140153,taboao da serra,SP
2072,-23.49934325124209,-46.59427308291929,sao paulo,SP
60130,-3.7499529497662767,-38.5143885575913,fortaleza,CE
96930,-29.674704390738068,-52.79538949661265,candelaria,RS
5665,-23.620476583126543,-46.73210575506377,sao paulo,SP
36510,-21.20286431550323,-42.86161717218504,rodeiro,MG
18015,-23.50077240299499,-47.43720002054356,sorocaba,SP
38640,-16.216001068754256,-45.9934373791695,riachinho,MG
12030,-23.031101525221587,-45.57288649163327,taubate,SP
88763,-28.03966025233718,-49.12634233011072,santa rosa de lima,SC
13930,-22.608872103298435,-46.707463101465976,serra negra,SP
16500,-21.80645495935966,-49.60222082156528,cafelandia,SP
45790,-15.596185820694291,-39.87437586413884,potiragua,BA
25251,-22.653103179770355,-43.270073693010815,duque de caxias,RJ
16800,-21.131534491601712,-51.10568265114781,mirandopolis,SP
55014,-8.27343793665346,-35.973340502574274,caruaru,PE
90670,-30.05036144023476,-51.19376357346854,porto alegre,RS
39300,-15.963985063606568,-44.85832255213124,sao francisco,MG
88064,-27.70676366056893,-48.50905436135962,florianopolis,SC
37502,-22.43625298958526,-45.46152494811147,itajuba,MG
22230,-22.93781597002137,-43.17619884430715,rio de janeiro,RJ
8382,-23.615252201976283,-46.4115487124886,sao paulo,SP
80040,-25.41648955845236,-49.25394954721486,curitiba,PR
31030,-19.90751813849616,-43.92100328613893,belo horizonte,MG
64600,-7.085375072464707,-41.46542029512318,picos,PI
94055,-29.937535826533555,-51.03698302553522,gravatai,RS
88880,-28.392451745997285,-49.391934660137146,lauro müller,SC
22451,-22.983498829165363,-43.24194936275983,rio de janeiro,RJ
12955,-23.15067214703276,-46.457848469279135,bom jesus dos perdoes,SP
59324,-6.381208711461115,-37.35215037467966,jardim de piranhas,RN
68555,-7.099618991547548,-49.93688637521944,xinguara,PA
9020,-23.65795259285007,-46.53025908756995,santo andré,SP
35763,-19.49523163223257,-44.38784681526853,inhauma,MG
39860,-17.858746902147107,-40.32796664996946,nanuque,MG
36415,-20.504961625490388,-43.87317406756412,congonhas,MG
17900,-21.48572280803303,-51.53822153477499,dracena,SP
12227,-23.19588,-45.86461424999999,são josé dos campos,SP
87180,-23.27902971157001,-52.15784579220627,presidente castelo branco,PR
6321,-23.53771942145559,-46.83499007506848,carapicuiba,SP
86063,-23.30620459893824,-51.19578676715323,londrina,PR
21862,-22.86435188530345,-43.46300740439825,rio de janeiro,RJ
99150,-28.42839949773268,-52.21706252119282,marau,RS
37730,-21.714183170967363,-46.24043129048587,campestre,MG
90220,-30.03386842964012,-51.21457263280572,porto alegre,RS
5351,-23.56262833443941,-46.75594407285476,sao paulo,SP
9820,-23.747860451657655,-46.55107248203585,sao bernardo do campo,SP
7852,-23.3257797076922,-46.71725229008123,franco da rocha,SP
29370,-20.36154581984547,-41.24983172754769,conceicao do castelo,ES
2860,-23.46944731057763,-46.6748200634197,sao paulo,SP
75800,-17.88591523795107,-51.71984360127501,jatai,GO
13617,-22.190722833638976,-47.35413402511277,leme,SP
12053,-23.003371977834146,-45.57070053160635,taubate,SP
12230,-23.22315152124611,-45.8864528841279,sao jose dos campos,SP
28908,-22.89788176562677,-42.03581763105822,cabo frio,RJ
33855,-19.74800193949449,-44.06344613849615,ribeirao das neves,MG
55016,-8.26913719900166,-35.96772821524605,caruaru,PE
1205,-23.531831496537546,-46.64585618180499,são paulo,SP
29950,-18.90411422465524,-40.07151117440289,jaguaré,ES
5127,-23.498058018033408,-46.73684846710717,sao paulo,SP
19015,-22.12369019148417,-51.39121536837629,presidente prudente,SP
3203,-23.598779155692835,-46.56741413696694,são paulo,SP
13806,-22.433305634601343,-46.97542971281912,mogi mirim,SP
20771,-22.887485981145765,-43.2840838371845,rio de janeiro,RJ
87185,-23.323346059539205,-52.29891107079517,florai,PR
6845,-23.640861657250657,-46.88200370976364,embu das artes,SP
17012,-22.32840510812551,-49.06206884297733,bauru,SP
58200,-6.853846916889213,-35.48349040284269,guarabira,PB
47520,-12.102493963037768,-43.16939565151825,ibotirama,BA
40760,-12.872903503860204,-38.46391940019959,salvador,BA
8474,-23.578897714957595,-46.40126947960067,sao paulo,SP
4802,-23.710466787119877,-46.707842472935575,sao paulo,SP
38700,-18.587930227005774,-46.5148550466452,patos de minas,MG
64535,-6.664706999999998,-41.710974750000005,inhuma,PI
6328,-23.524233487053547,-46.821860433857154,carapicuiba,SP
81590,-25.490069819782445,-49.19818481081355,curitiba,PR
7724,-23.358762100226937,-46.72612814901699,caieiras,SP
3475,-23.574447220093493,-46.515844309740885,são paulo,SP
16305,-21.43481554317074,-50.09185754731208,penapolis,SP
15700,-20.273958000000004,-50.526981000000006,jales,SP
9172,-23.6992208731606,-46.51802379629512,santo andre,SP
8042,-23.506694423538555,-46.434607894396656,sao paulo,SP
4905,-23.677202536211038,-46.75912214654624,sao paulo,SP
6606,-23.530691216417218,-46.90713772176732,jandira,SP
13186,-22.893924374087675,-47.1982316254984,hortolândia,SP
2468,-23.489915521784305,-46.64753128282069,sao paulo,SP
8240,-23.521947201039,-46.44086049035999,sao paulo,SP
35500,-20.13288750433261,-44.878212,divinopolis,MG
5001,-23.52998321842005,-46.667217971406345,sao paulo,SP
15502,-20.427874682722383,-49.98490763911835,votuporanga,SP
37902,-20.723518316799048,-46.614544947896434,passos,MG
56400,-8.598494330847378,-38.57846620913821,floresta,PE
18078,-23.44270565235644,-47.476665,sorocaba,SP
24360,-22.91731807201573,-43.09297194888784,niteroi,RJ
15775,-20.21658653530502,-50.92988866173745,santa fe do sul,SP
80060,-25.433640680824038,-49.25896693963871,curitiba,PR
37950,-20.91546222358288,-46.96917228381874,são sebastião do paraíso,MG
6774,-23.640942498870917,-46.79789646001388,taboao da serra,SP
2219,-23.48786563780366,-46.58093329961334,sao paulo,SP
79824,-22.21837272897435,-54.81537247239636,dourados,MS
23585,-22.92905461518206,-43.63170452246813,rio de janeiro,RJ
35570,-20.477772518046027,-45.41789415671548,formiga,MG
36307,-21.13160208829796,-44.25317585581567,sao joao del rei,MG
11630,-23.77557734528745,-45.35457687916357,ilhabela,SP
8673,-23.551846381632632,-46.31955340164619,suzano,SP
1302,-23.54740796251956,-46.64477455897629,sao paulo,SP
9951,-23.68900841909516,-46.59921049668176,diadema,SP
82510,-25.397625855295324,-49.24142291438157,curitiba,PR
7072,-23.44662261697353,-46.56056136047991,guarulhos,SP
22250,-22.938518021928537,-43.17619539800332,rio de janeiro,RJ
36400,-20.6834972468215,-43.7888072976622,conselheiro lafaiete,MG
32210,-19.9579989318232,-44.03246724387684,contagem,MG
11040,-23.970372213428387,-46.31168449001667,santos,SP
18207,-23.61080085041319,-48.07690884568729,itapetininga,SP
37580,-22.4385549454691,-46.56146533472342,monte sião,MG
6654,-23.54108056896136,-46.9306969687525,itapevi,SP
20270,-22.91749761642338,-43.22357941271851,rio de janeiro,RJ
70746,-15.768771913699467,-47.88757594670785,brasilia,DF
87033,-23.39853304813587,-51.92040621142427,maringa,PR
21041,-22.86792384595193,-43.2497671866524,rio de janeiro,RJ
19814,-22.65253674577295,-50.40374080919263,assis,SP
47600,-13.25204230537252,-43.41736473846901,bom jesus da lapa,BA
2261,-23.467961586450706,-46.57785809229264,sao paulo,SP
19400,-21.88449496340427,-51.85679317219119,presidente venceslau,SP
5818,-23.66395549985577,-46.735023222170966,sao paulo,SP
20780,-22.89129025561204,-43.27120945464237,rio de janeiro,RJ
40300,-12.966795395097392,-38.49617131470783,salvador,BA
4560,-23.610232718564284,-46.68161485414624,sao paulo,SP
8031,-23.516676502914198,-46.41970437676728,sao paulo,SP
27580,-22.489324515078177,-44.56198664607001,itatiaia,RJ
25900,-22.65558126394497,-43.04033704326606,mage,RJ
5517,-23.584940770242916,-46.720635708527,sao paulo,SP
13276,-22.97618466479353,-46.99698511196209,valinhos,SP
71015,-15.821321471484191,-47.986672232137394,brasilia,DF
21615,-22.865526665201656,-43.400944380105535,rio de janeiro,RJ
36420,-20.511395760313427,-43.71587650679598,ouro branco,MG
6184,-23.539697580904843,-46.80752255049352,osasco,SP
22071,-22.978045487102484,-43.19688286274458,rio de janeiro,RJ
41320,-12.900441810747475,-38.44077349250854,salvador,BA
8560,-23.53324821648681,-46.33307099999999,poa,SP
96010,-31.77054936718799,-52.34497251887012,pelotas,RS
4815,-23.701914,-46.68898725,sao paulo,SP
19275,-22.556668580184443,-52.58729818157952,euclides da cunha paulista,SP
5223,-23.411224246465427,-46.73976896142303,são paulo,SP
6322,-23.523476841499125,-46.832455760351664,carapicuiba,SP
93525,-29.671759113159727,-51.11743760897132,novo hamburgo,RS
49100,-10.923030851206894,-37.10565793841472,sao cristovao,SE
48330,-11.485082076441406,-37.93346078289921,rio real,BA
48660,-8.977351714586922,-39.103411211775686,chorrocho,BA
29060,-20.287007829620634,-40.29865028088744,vitoria,ES
1503,-23.555488240827945,-46.63559923847351,sao paulo,SP
9060,-23.662450874834047,-46.54758096627045,santo andre,SP
35588,-20.28091942864558,-45.54560562692694,arcos,MG
1535,-23.57356819539499,-46.62565128322473,sao paulo,SP
37136,-21.418518794503825,-45.95898413762121,alfenas,MG
9290,-23.643135786283157,-46.512648271452406,santo andré,SP
79002,-20.46488919458692,-54.60720801373423,campo grande,MS
48010,-12.135574612306923,-38.42166668950773,alagoinhas,BA
21210,-22.839696000000004,-43.295350499999984,rio de janeiro,RJ
3407,-23.54390039519827,-46.55151960480172,sao paulo,SP
30492,-19.968267606020778,-43.96682275956569,belo horizonte,MG
13630,-21.99738041112264,-47.42716451448722,pirassununga,SP
13273,-22.95703561439507,-46.98002664673717,valinhos,SP
13409,-22.67681091006413,-47.7098495409429,piracicaba,SP
11630,-23.863528415481145,-45.42372182980631,ilhabela,SP
76560,-14.196116010573691,-49.337804586173135,alto horizonte,GO
77300,-11.609806882373338,-46.82101917417458,dianópolis,TO
72220,-15.836665499999995,-48.09916799999999,brasilia,DF
51021,-8.127256039011797,-34.89891253780377,recife,PE
12233,-23.245699579813444,-45.88607925470955,sao jose dos campos,SP
26562,-22.772531009602037,-43.4196600241272,mesquita,RJ
20540,-22.91755747238731,-43.26206048364005,rio de janeiro,RJ
21630,-22.822713618096824,-43.40714143297362,rio de janeiro,RJ
3112,-23.55619203497028,-46.6044106902591,sao paulo,SP
31515,-19.82813165643261,-43.960562308749935,belo horizonte,MG
85015,-25.405411851780325,-51.47602209922669,guarapuava,PR
33600,-19.649499987680944,-44.05794211254637,pedro leopoldo,MG
3166,-23.54884141326677,-46.59518233236193,sao paulo,SP
35740,-19.76910484762358,-44.16365998934886,esmeraldas,MG
4038,-23.59680330336425,-46.64677623619365,sao paulo,SP
79011,-20.433493026371934,-54.60327937526674,campo grande,MS
64180,-3.892260363090601,-42.2367885,esperantina,PI
98200,-28.635169450729613,-53.092253040579415,ibiruba,RS
6122,-23.545878704426013,-46.79886992812618,osasco,SP
12240,-23.2313728462404,-45.91659870275258,são josé dos campos,SP
88035,-27.59167891118931,-48.51229575895892,florianopolis,SC
12917,-22.98256171997928,-46.545342941880975,braganca paulista,SP
33035,-19.766275484268288,-43.86297174967574,santa luzia,MG
3647,-23.522394132667785,-46.52778062476192,sao paulo,SP
11925,-24.71931455931742,-47.50365010143637,ilha comprida,SP
15014,-20.822784375949333,-49.38244046962123,sao jose do rio preto,SP
22775,-22.965905556986492,-43.38999869671641,rio de janeiro,RJ
4156,-23.631448500000005,-46.62241424999999,sao paulo,SP
25710,-22.46709387037994,-43.14588966282302,petropolis,RJ
88215,-27.15813290175391,-48.49272357482429,bombinhas,SC
84261,-24.32416787859815,-50.61907320723647,telemaco borba,PR
19160,-22.08015545949297,-51.47881494888836,alvares machado,SP
11070,-23.961826645565285,-46.34333804079867,santos,SP
91790,-30.150582930322315,-51.14564313929747,porto alegre,RS
1258,-23.54098422508515,-46.6854768012868,são paulo,SP
7043,-23.48913195585622,-46.55386703188364,guarulhos,SP
3322,-23.548322251013897,-46.56383738491592,sao paulo,SP
15760,-20.24503575684149,-50.6453207023131,urania,SP
83203,-25.522475392597304,-48.509045869744135,paranagua,PR
55819,-7.841457155634107,-35.23586367557993,carpina,PE
29100,-20.33451550574936,-40.29676819991177,vila velha,ES
28910,-22.890119676497065,-42.03771768745993,cabo frio,RJ
2185,-23.51649734110451,-46.566851558283815,sao paulo,SP
20541,-22.928070750216342,-43.25758615041271,rio de janeiro,RJ
40430,-12.929085838738576,-38.500529448237046,salvador,BA
28909,-22.8968043696791,-42.046071066390645,cabo frio,RJ
36370,-21.223755,-44.61895575,nazareno,MG
86840,-24.005064979675723,-51.3251558249317,faxinal,PR
41810,-13.001504129627625,-38.45284250734317,salvador,BA
82630,-25.38143659846365,-49.21580572812752,curitiba,PR
80630,-25.474142022476794,-49.27893463015761,curitiba,PR
19804,-22.66238317236307,-50.43297452205859,assis,SP
36015,-21.759156283368952,-43.35682886594724,juiz de fora,MG
27258,-22.541107798776626,-44.07406753205609,volta redonda,RJ
21361,-22.85438032168613,-43.33036648765073,rio de janeiro,RJ
25640,-22.520710701753945,-43.18029042294041,petropolis,RJ
3012,-23.539681529834382,-46.612802923394334,sao paulo,SP
72140,-15.816152104391907,-48.08117276899979,brasilia,DF
9400,-23.71140609415522,-46.41192252241792,ribeirao pires,SP
89280,-26.249735271432247,-49.38193638503272,sao bento do sul,SC
23580,-22.915084767413028,-43.64105381072185,rio de janeiro,RJ
37600,-22.621854164731783,-46.08115630524655,cambui,MG
62340,-3.756222000000003,-40.81646942366048,frecheirinha,CE
78664,-10.147358999999945,-52.46645749999996,santa cruz do xingu,MT
19800,-22.669757329447748,-50.4155117514571,assis,SP
7041,-23.485950718057055,-46.55016612777173,guarulhos,SP
4012,-23.584050156818027,-46.64578935345376,sao paulo,SP
4816,-23.704613466270462,-46.68454888092222,sao paulo,SP
7135,-23.429290169859765,-46.5276677164868,guarulhos,SP
8506,-23.559366520399337,-46.37069807216227,ferraz de vasconcelos,SP
61890,-4.041626306431128,-38.637472387409765,guaiuba,CE
24425,-22.85105719405606,-43.09435391655174,sao goncalo,RJ
5006,-23.53245039078998,-46.6727009454671,sao paulo,SP
78048,-15.576087036676444,-56.08582963449029,cuiaba,MT
27920,-22.406303861481295,-41.80029251411765,macaé,RJ
88680,-27.799088314328383,-49.48563218817198,bom retiro,SC
68020,-2.451515734166043,-54.69859436968564,santarem,PA
60750,-3.831711588249629,-38.55265242458964,fortaleza,CE
26255,-22.762654419642697,-43.45193320942841,nova iguaçu,RJ
95084,-29.17591547993644,-51.16737047993645,caxias do sul,RS
74280,-16.71613813775601,-49.27434097170252,goiania,GO
14072,-21.088463228143567,-47.79866423910783,ribeirao preto,SP
13010,-22.90353145934556,-47.05472080821168,campinas,SP
36200,-21.224621820035587,-43.7725115172326,barbacena,MG
98338,-27.90665926885973,-53.11636005354254,novo barreiro,RS
39900,-16.17064461566594,-40.69596539195421,almenara,MG
28621,-22.32015955569616,-42.54934796859571,nova friburgo,RJ
13206,-23.21404026144041,-46.87664230197928,jundiai,SP
85501,-26.227352646386272,-52.67334829885142,pato branco,PR
13495,-22.579813503285504,-47.5023412267106,iracemapolis,SP
93537,-29.670480520538725,-51.09281367594613,novo hamburgo,RS
3210,-23.601676485140583,-46.54747294463039,sao paulo,SP
65418,-4.373524024361186,-44.34318654872235,peritoro,MA
96745,-29.96043222938837,-51.63100375240346,charqueadas,RS
11704,-24.02154979655493,-46.47812530460502,praia grande,SP
70765,-15.752591771313416,-47.89227777232105,brasilia,DF
90510,-30.021791182117205,-51.19177840409044,porto alegre,RS
6414,-23.490617505282756,-46.86900366603934,barueri,SP
2998,-23.44370419900167,-46.72542228573488,sao paulo,SP
28140,-23.648443493109635,-46.70301570110246,santo amaro de campos,RJ
79115,-20.428810418806705,-54.65709830376829,campo grande,MS
29930,-18.71944994249868,-39.85676535877311,sao mateus,ES
86071,-23.295726671100518,-51.19830759616827,londrina,PR
19065,-22.111815107097645,-51.43273563745975,presidente prudente,SP
88037,-27.593186427693496,-48.50238242769349,florianopolis,SC
13860,-22.0670948902186,-46.98067042223052,aguai,SP
55194,-7.95638116250135,-36.20748989849005,santa cruz do capibaribe,PE
49042,-10.96354392566808,-37.08417740445982,aracaju,SE
6317,-23.522827499945496,-46.8480183583508,carapicuiba,SP
13251,-23.002290156560957,-46.84032197743576,itatiba,SP
29142,-20.35643187453689,-40.372850543250216,cariacica,ES
31985,-19.8558721357262,-43.90423287927743,belo horizonte,MG
35680,-20.074603369744256,-44.57694054922907,itaúna,MG
22021,-22.967613304460773,-43.181749101015726,rio de janeiro,RJ
23081,-22.893873674707187,-43.56603743825372,rio de janeiro,RJ
15040,-20.798903053803013,-49.405458814470805,sao jose do rio preto,SP
78455,-13.050717285469297,-55.91922850942317,lucas do rio verde,MT
13181,-22.847070600499546,-47.18645623758944,sumare,SP
3630,-23.53257143591436,-46.54970048693182,sao paulo,SP
16920,-20.865628791563267,-51.49138471772755,castilho,SP
86270,-23.72241846538086,-50.735581192666025,sao jeronimo da serra,PR
20230,-22.914900587281483,-43.185924618096834,rio de janeiro,RJ
89206,-26.302657499999995,-48.81429,joinville,SC
3132,-23.582287801835054,-46.583691029834405,sao paulo,SP
79602,-20.78776742874313,-51.70344250114797,tres lagoas,MS
22793,-22.999996499567317,-43.37934333527613,rio de janeiro,RJ
6657,-23.555464281050245,-46.93413907061935,itapevi,SP
8760,-23.57167910406716,-46.19643451790356,mogi das cruzes,SP
30666,-20.009416819320187,-44.03925166610885,belo horizonte,MG
36900,-20.13250235902703,-42.089526610548255,manhuacu,MG
22020,-22.962583351924547,-43.176848019418365,rio de janeiro,RJ
88351,-27.076759119669564,-48.93430463157705,brusque,SC
95185,-29.292203328864183,-51.50887543518076,carlos barbosa,RS
35930,-19.81586112589122,-43.18839709668657,joao monlevade,MG
74360,-16.733909999999945,-49.31621899999996,goiania,GO
4302,-23.62333045268046,-46.630495204830055,sao paulo,SP
5750,-23.61636,-46.74336299999999,sao paulo,SP
3336,-23.553059343326208,-46.56421571065843,são paulo,SP
32400,-20.030967063847484,-44.05777604805188,ibirite,MG
21931,-22.80607652677597,-43.20151795683539,rio de janeiro,RJ
85601,-26.099220229738343,-53.04927073321737,francisco beltrao,PR
5415,-23.563383233971948,-46.6823138782965,sao paulo,SP
5068,-23.517934134889483,-46.70071260268916,sao paulo,SP
68540,-8.2872751241394,-49.26949145140876,conceicao do araguaia,PA
11618,-23.78345260644006,-45.62914437676728,sao sebastiao,SP
6033,-23.56087311766313,-46.777886838855714,osasco,SP
89560,-26.9974193521448,-51.16118438931037,videira,SC
98300,-27.893566362228068,-53.30023976415338,palmeira das missoes,RS
18078,-23.444717783513184,-47.46983383236193,sorocaba,SP
22410,-22.9850776305903,-43.21501244128349,rio de janeiro,RJ
15775,-20.2176482080372,-50.9247834081725,santa fe do sul,SP
92035,-29.916624328065343,-51.12650249999999,canoas,RS
38610,-16.358923355310502,-46.90264091152545,unaí,MG
14140,-21.339093309974544,-47.730340980861655,cravinhos,SP
21931,-22.79893151338927,-43.206068384854255,rio de janeiro,RJ
18044,-23.51337507438397,-47.47512674355124,sorocaba,SP
39200,-18.369045010370098,-44.45916271141646,corinto,MG
87160,-23.3411985,-52.11229725,mandaguacu,PR
85960,-24.565558501899595,-54.04142372366754,marechal candido rondon,PR
20756,-22.888988612816703,-43.30785262101102,rio de janeiro,RJ
18681,-22.601870580444217,-48.78122778935236,lencois paulista,SP
2178,-23.52152283679088,-46.57055325730651,sao paulo,SP
35364,-20.52154441477957,-42.32818282778739,pedra bonita,MG
8760,-23.55795794805041,-46.22637299485727,mogi das cruzes,SP
83502,-25.31208173550116,-49.28172021856427,almirante tamandare,PR
4601,-23.622173360811345,-46.68289283819033,sao paulo,SP
23045,-22.91705640714994,-43.55439108756993,rio de janeiro,RJ
1322,-23.56523523313524,-46.64387803609545,sao paulo,SP
4086,-23.60944049901905,-46.65866461186442,sao paulo,SP
59115,-5.756639081597331,-35.2804550656414,natal,RN
3050,-23.542213075768945,-46.61444631917596,são paulo,SP
2401,-23.492623962775408,-46.62612391727112,sao paulo,SP
68740,-1.2952651645128086,-47.9290128767417,castanhal,PA
75800,-17.888866646851387,-51.721756782865945,jatai,GO
59650,-5.585044112121276,-36.90977647744624,acu,RN
13876,-22.009223654448725,-46.7771136111206,sao joao da boa vista,SP
22221,-22.928175838190317,-43.17936335068381,rio de janeiro,RJ
39680,-17.70065794119209,-42.51554029254638,capelinha,MG
77950,-5.64686528163524,-48.11794373085685,araguatins,TO
15060,-20.80064086936162,-49.37073344375324,sao jose do rio preto,SP
78455,-13.068086578964817,-55.91805160831597,lucas do rio verde,MT
11025,-23.97027046849216,-46.30647550790585,santos,SP
76100,-16.512890591817726,-50.36461328843526,sao luis de montes belos,GO
22030,-22.968531712735903,-43.18872946947311,rio de janeiro,RJ
89840,-26.90729297341457,-52.70540858241268,coronel freitas,SC
26323,-22.7150603512982,-43.55940882542879,queimados,RJ
36730,-21.656789283265457,-42.34769801787908,pirapetinga,MG
30525,-19.935198051907165,-44.01130502622772,belo horizonte,MG
52070,-8.0216045723065,-34.92087095129547,recife,PE
38701,-18.58179317044533,-46.51947613133824,patos de minas,MG
60833,-3.8001656056033473,-38.47316537246812,fortaleza,CE
35613,-19.521123672251253,-45.792434668900505,estrela do indaia,MG
85935,-24.401955936078988,-53.51567755184949,assis chateaubriand,PR
93260,-29.84325359780244,-51.1686367165785,esteio,RS
21931,-22.81061514625778,-43.19465639993657,rio de janeiro,RJ
6396,-23.53135228190329,-46.8533698895906,carapicuíba,SP
6086,-23.53526191228583,-46.78499150040403,osasco,SP
4814,-23.72385110768082,-46.680707211206695,sao paulo,SP
3651,-23.52394073000163,-46.51871986626641,sao paulo,SP
45000,-14.850369366639724,-40.841921588666445,vitoria da conquista,BA
49020,-10.930275041087118,-37.05294729323672,aracaju,SE
85605,-26.063514477255318,-53.0468973918188,francisco beltrao,PR
18050,-23.5292596518714,-47.48995070490706,sorocaba,SP
80010,-25.43405765612553,-49.274080879537244,curitiba,PR
71805,-15.88201564424556,-48.01862214763051,brasilia,DF
99980,-28.38893187660049,-51.84687132274168,david canabarro,RS
22470,-22.96629837163139,-43.2167382917075,rio de janeiro,RJ
9310,-23.67450664498837,-46.44785553289281,maua,SP
20560,-22.91884754342439,-43.260471,rio de janeiro,RJ
85010,-25.39648651289752,-51.46780250193324,guarapuava,PR
4186,-23.65286313588844,-46.598855753659045,sao paulo,SP
92410,-29.898716481245444,-51.16985096863638,canoas,RS
17054,-22.354378712605616,-49.0882091781514,bauru,SP
94858,-30.03767981281573,-51.07489741439007,alvorada,RS
9400,-23.70912724934713,-46.41359478961661,ribeirao pires,SP
14270,-21.47224869210357,-47.36551819988311,santa rosa de viterbo,SP
28300,-21.212686976152,-41.89227947615201,itaperuna,RJ
5564,-23.60358723114916,-46.79002989879731,sao paulo,SP
5833,-23.67089250180615,-46.76035586712516,sao paulo,SP
13321,-23.195905638351928,-47.298584189018335,salto,SP
56130,-7.719613051813507,-39.23789194406304,cedro,PE
19035,-22.12585915100552,-51.37527792055224,presidente prudente,SP
40110,-12.990256938463752,-38.520073082191175,salvador,BA
39529,-16.0001592486896,-43.04471700140604,riacho dos machados,MG
9971,-23.722855732991,-46.62226907314321,diadema,SP
4005,-23.57462166694557,-46.64553224562872,sao paulo,SP
27963,-22.335231611318385,-41.75653117127592,macaé,RJ
38703,-18.56820122387619,-46.47927320095261,patos de minas,MG
15775,-20.20431335926956,-50.91992579709941,santa fe do sul,SP
6440,-23.5105249691296,-46.86104614786531,barueri,SP
5083,-23.531881945322866,-46.71709426311386,sao paulo,SP
79091,-20.486210489324183,-54.66706667167743,campo grande,MS
2733,-23.49544625728548,-46.69584191035258,sao paulo,SP
13272,-22.96347652989317,-47.005666796520266,valinhos,SP
11045,-23.97223694281272,-46.32484251734091,santos,SP
24220,-22.902497175384763,-43.10715877735607,niteroi,RJ
45657,-14.805364046903412,-39.0583839855915,ilhéus,BA
3250,-23.60814227699232,-46.53332400721335,sao paulo,SP
1323,-23.570092205256334,-46.64201953307684,são paulo,SP
36900,-20.24937349041084,-42.0268875154759,manhuacu,MG
86079,-23.292620491821214,-51.16342301766197,londrina,PR
81070,-25.478271167638056,-49.30961007700969,curitiba,PR
90130,-30.050840398291797,-51.22271331709848,porto alegre,RS
24360,-22.91840710360831,-43.09420663842364,niteroi,RJ
99050,-28.25248853360618,-52.38988734714253,passo fundo,RS
21520,-22.813938563931405,-43.36212431278627,rio de janeiro,RJ
9852,-23.71811637130315,-46.597090255822565,sao bernardo do campo,SP
15025,-20.80995475839214,-49.384562345187305,são josé do rio preto,SP
4520,-23.59848621036997,-46.6661546724855,sao paulo,SP
89950,-26.263567548196672,-53.62996411955681,dionisio cerqueira,SC
18530,-23.11038571875221,-47.70881019788384,tiete,SP
32675,-19.9397671604247,-44.1372209089676,betim,MG
17600,-21.94234162279661,-50.510004216494856,tupã,SP
12243,-23.20853446073054,-45.90036526464305,sao jose dos campos,SP
45180,-14.610505268287758,-41.13374307315107,anage,BA
9856,-23.746056307092196,-46.61373462475066,sao bernardo do campo,SP
15775,-20.203851255498037,-50.924109799454975,santa fe do sul,SP
9423,-23.72293639433389,-46.42611820121567,ribeirao pires,SP
97501,-29.75010288389586,-57.08984792648256,uruguaiana,RS
70610,-15.788537650478697,-47.91245695250116,brasilia,DF
18520,-23.167196619764347,-47.75923981312237,cerquilho,SP
79560,-18.80042187182578,-52.63156026743402,chapadao do sul,MS
83065,-25.51055175549482,-49.16197690015162,sao jose dos pinhais,PR
35162,-19.463390308904177,-42.57222616348313,ipatinga,MG
29150,-20.32477028109169,-40.38006164959426,cariacica,ES
89745,-27.21594921860678,-51.81157630440822,presidente castello branco,SC
33836,-19.8008729980228,-44.10388191015411,ribeirao das neves,MG
11425,-23.997917649206315,-46.30449665062257,guaruja,SP
82520,-25.41282711740433,-49.2263772901783,curitiba,PR
68903,0.0019573468551718,-51.09332475143276,macapa,AP
4476,-23.707778752149583,-46.62860397890818,sao paulo,SP
19014,-22.13129502232588,-51.397752953895896,presidente prudente,SP
87309,-24.02043412570337,-52.36229270570577,campo mourao,PR
6721,-23.64793865126401,-46.99140809857111,cotia,SP
79050,-20.49089155897629,-54.61004477503042,campo grande,MS
78508,-10.312247591366122,-55.40439190259655,nova guarita,MT
13843,-22.37777343987737,-46.93485795627879,mogi guaçu,SP
95272,-29.06201638222789,-51.26157285966885,otavio rocha,RS
11618,-23.78528753788447,-45.62618835858965,sao sebastiao,SP
18200,-23.588069899453156,-48.05524008647111,itapetininga,SP
90010,-30.03073512129947,-51.228257966558935,porto alegre,RS
58808,-6.7763147459286905,-38.23891797034983,sousa,PB
50980,-8.024929212567868,-34.96583724413424,recife,PE
88845,-28.595129141294294,-49.32603331617148,cocal do sul,SC
65636,-5.092585405644688,-42.84354351239834,timon,MA
93260,-29.84105984462987,-51.16998496718391,esteio,RS
64078,-5.099820156923542,-42.746985127849925,teresina,PI
86975,-23.520708825454825,-51.67167744945579,mandaguari,PR
13013,-22.90941157146977,-47.06005696947312,campinas,SP
32013,-19.920338900161,-44.08463277652334,contagem,MG
78560,-11.537909772043747,-57.40926630936397,porto dos gauchos,MT
11800,-24.31680706928152,-47.63207503281145,juquia,SP
91210,-30.039623811270115,-51.14510185579104,porto alegre,RS
37548,-22.42027342937516,-45.793951372247264,conceicao dos ouros,MG
36520,-21.01081019650169,-42.83720962021256,visconde do rio branco,MG
3335,-23.55375639800334,-46.566829749379615,sao paulo,SP
38410,-18.96819241271852,-48.22782065306711,uberlandia,MG
24358,-22.954314357973622,-43.07146122798943,niteroi,RJ
9121,-23.68749499362336,-46.49804641687345,santo andré,SP
16130,-20.932116749389618,-50.497692252729706,santo antônio do aracanguá,SP
5686,-23.6090234074384,-46.701659320705176,sao paulo,SP
25845,-22.231859999999983,-43.10105999999996,areal,RJ
13610,-22.18153068893836,-47.38895851633773,leme,SP
6311,-23.52130002808317,-46.83232877229637,carapicuiba,SP
11430,-23.99131423786709,-46.278474742022034,guaruja,SP
24220,-22.904428388856736,-43.11490329335229,niterói,RJ
21240,-22.811397537884478,-43.32349718803738,rio de janeiro,RJ
91210,-30.03334347792722,-51.14682016763805,porto alegre,RS
17527,-22.220540914157027,-49.97496896525404,marilia,SP
8191,-23.48014954731953,-46.37977472898028,são paulo,SP
17400,-22.21503271189675,-49.65237744648201,garca,SP
63300,-6.755386742362436,-38.96694518611535,lavras da mangabeira,CE
15090,-20.84333801349336,-49.39609312444697,sao jose do rio preto,SP
84430,-25.226334657780725,-50.61047631709546,imbituva,PR
13610,-22.19295220296925,-47.39288786788176,leme,SP
6544,-23.458907609091757,-46.851458139785855,santana de parnaiba,SP
6608,-23.529275790139977,-46.91722761653375,jandira,SP
9450,-23.742585000000005,-46.3986519888915,rio grande da serra,SP
60730,-3.7932498440186895,-38.58565469608749,fortaleza,CE
58765,-7.202659103195055,-37.92430950957335,pianco,PB
82100,-25.39457753892172,-49.302713670211496,curitiba,PR
35550,-20.4688626076602,-45.13044923806744,itapecerica,MG
36208,-21.299514120266466,-43.63169027752089,correia de almeida,MG
91450,-30.048182580904843,-51.13450821036997,porto alegre,RS
1527,-23.5626465545329,-46.62848073980032,sao paulo,SP
80630,-25.461688790011426,-49.27216006195694,curitiba,PR
4739,-23.64610858304281,-46.69337904046627,são paulo,SP
4142,-23.61143141548848,-46.6300445342778,sao paulo,SP
1046,-23.54608112703553,-46.64482029837157,sao paulo,SP
93218,-29.81571660913723,-51.14682890734073,sapucaia do sul,RS
6539,-23.46482518981073,-46.88639883936237,santana de parnaiba,SP
23937,-22.965314667400648,-44.305017487302,angra dos reis,RJ
36415,-20.501646459662503,-43.87414599926349,congonhas,MG
3647,-23.530828892867447,-46.527533900773285,sao paulo,SP
12031,-23.038314588271348,-45.58037970353246,taubate,SP
6622,-23.54931540795308,-46.90072417120772,jandira,SP
79130,-21.80462693748638,-54.54175418586533,rio brilhante,MS
83430,-25.360955312189382,-49.09385972341256,campina grande do sul,PR
7500,-23.32665510953472,-46.21960502960633,santa isabel,SP
35700,-19.445873504374457,-44.243901466236345,sete lagoas,MG
15015,-20.821193212912224,-49.38419179162101,sao jose do rio preto,SP
5615,-23.58542462170351,-46.7192162463212,sao paulo,SP
39403,-16.762368688541823,-43.87173481102136,montes claros,MG
1231,-23.53773742492353,-46.66001195129549,sao paulo,SP
30315,-19.95426825699701,-43.9219382694905,belo horizonte,MG
41650,-12.947973697872154,-38.384415407614746,salvador,BA
2356,-23.44908550790585,-46.60946724883135,são paulo,SP
53442,-7.953297440128545,-34.850718129621264,paulista,PE
35200,-19.49249190972664,-41.0681318531482,aimores,MG
65645,-5.521744400051782,-43.20150832530102,matoes,MA
18520,-23.16299631768258,-47.750823219684776,cerquilho,SP
9720,-23.717102250607265,-46.55471861791791,são bernardo do campo,SP
5623,-23.601824916180973,-46.72639103274859,sao paulo,SP
29106,-20.33806221318373,-40.30259852920491,vila velha,ES
4130,-23.604938004991663,-46.621760657510514,sao paulo,SP
31620,-19.805551470165607,-43.965723473628046,belo horizonte,MG
87010,-23.42936369913216,-51.94066910627524,maringa,PR
12225,-23.19157996947312,-45.78189563030183,sao jose dos campos,SP
1044,-23.546454307519205,-46.64084532056096,sao paulo,SP
15091,-20.84074920895224,-49.40774664007539,são josé do rio preto,SP
41181,-12.955112229533396,-38.43732163920188,salvador,BA
2727,-23.500488572854756,-46.68424923980032,sao paulo,SP
84070,-25.07420559562001,-50.173085719805016,ponta grossa,PR
5551,-23.590377460730544,-46.7625988447112,sao paulo,SP
53140,-7.975632058572263,-34.84547188496158,olinda,PE
4138,-23.608753575076463,-46.63704203996194,sao paulo,SP
41230,-12.922712577746582,-38.46040786622914,salvador,BA
62670,-3.604632446401877,-38.96377979066719,sao goncalo do amarante,CE
3153,-23.60028978984913,-46.57688194965994,sao paulo,SP
21361,-22.852706136261677,-43.328549663485866,rio de janeiro,RJ
2229,-23.48106491012603,-46.56678135453201,sao paulo,SP
17250,-22.066970416097867,-48.740226741136304,bariri,SP
4542,-23.58398800582837,-46.676983683594,sao paulo,SP
73900,-14.081326245751294,-46.35593243482094,posse,GO
11629,-23.758079665231268,-45.41241361802234,sao sebastiao,SP
73808,-15.5280574807305,-47.30501546155255,formosa,GO
45280,-14.751972456536016,-40.09088484474062,iguai,BA
41920,-13.00438761756422,-38.48177117336945,salvador,BA
70773,-15.737827567314842,-47.894184131138566,brasilia,DF
37505,-22.419599518901627,-45.469546361482045,itajuba,MG
28970,-22.84786326766977,-42.31703950784341,araruama,RJ
79081,-20.494998429366937,-54.62668958578093,campo grande,MS
7178,-23.40063760698833,-46.39870132070519,guarulhos,SP
88350,-27.09665920399333,-48.915048096168285,brusque,SC
23555,-22.92110961448203,-43.69830302996837,rio de janeiro,RJ
30170,-19.93291260727678,-43.95178803649949,belo horizonte,MG
21310,-22.87901163558197,-43.34700937330483,rio de janeiro,RJ
15775,-20.21020506906523,-50.929107237362615,santa fe do sul,SP
1552,-23.57339964723873,-46.61071322592187,sao paulo,SP
17504,-22.219539779069784,-49.95748054524207,marilia,SP
9850,-23.73559744134852,-46.59026313347852,sao bernardo do campo,SP
88295,-27.19992400762323,-49.07517085139585,botuvera,SC
74655,-16.652541836231062,-49.24934084861928,goiania,GO
4854,-23.7738155342778,-46.69233862614691,sao paulo,SP
88117,-27.574365618939883,-48.60988362310506,sao jose,SC
28860,-22.485567357095636,-42.20242603101916,casimiro de abreu,RJ
95702,-29.17365282502034,-51.50881848087217,bento goncalves,RS
53090,-7.961199831525216,-34.85337218748914,olinda,PE
5787,-23.62141038746832,-46.75826513601884,sao paulo,SP
35830,-19.522289533929765,-43.74420144816592,jaboticatubas,MG
5345,-23.54863178296493,-46.746278098534205,são paulo,SP
5017,-23.539199671620118,-46.68188810987385,sao paulo,SP
8750,-23.545838848648764,-46.25636093234348,mogi das cruzes,SP
3937,-23.58443662066331,-46.49717373926641,sao paulo,SP
20720,-22.910625380693077,-43.28914403316832,rio de janeiro,RJ
30421,-19.938707706907515,-43.976784992498175,belo horizonte,MG
29165,-20.239272,-40.21527825,serra,ES
16700,-21.25843112487836,-50.6372983399539,guararapes,SP
78200,-16.0619113298363,-57.676418216555575,cáceres,MT
6725,-23.68281501708765,-47.02776825931416,cotia,SP
7120,-23.451000171244747,-46.52839572661436,guarulhos,SP
4089,-23.60559326588381,-46.65950190036927,sao paulo,SP
4662,-23.6559978326504,-46.69341713904443,sao paulo,SP
59155,-5.93065365713811,-35.24044005372773,parnamirim,RN
89642,-27.10114413305731,-51.24380699376375,tangara,SC
88020,-27.59289052286956,-48.5445470653894,florianopolis,SC
8577,-23.49052539776225,-46.3713321568829,itaquaquecetuba,SP
18900,-22.897662647069755,-49.624509448548345,santa cruz do rio pardo,SP
8031,-23.51237491173756,-46.41978709019567,sao paulo,SP
99910,-27.861309467914754,-52.08440494318852,floriano peixoto,RS
25850,-22.13683274518229,-43.25003938223766,paraiba do sul,RJ
89247,-26.460135638591364,-48.6144900434548,balneário barra do sul,SC
22021,-22.963215405764963,-43.17483294033121,rio de janeiro,RJ
37800,-21.296651699694152,-46.69588961878932,guaxupe,MG
4359,-23.64068438225336,-46.65648230770762,sao paulo,SP
71572,-15.770022270774229,-47.78014049999999,brasilia,DF
77950,-5.652137912768383,-48.11482535360707,araguatins,TO
45991,-17.556989999999928,-39.73667253599996,teixeira de freitas,BA
15051,-20.778283125383275,-49.37308282904865,sao jose do rio preto,SP
29193,-19.828767888917067,-40.27389613720609,aracruz,ES
20270,-22.92009240299499,-43.217606096024056,rio de janeiro,RJ
89865,-26.907659999999996,-52.90135649999999,nova erechim,SC
3578,-23.55934877185642,-46.50770951970685,sao paulo,SP
87013,-23.422806127457573,-51.94310261675527,maringa,PR
12410,-22.934369462381923,-45.45668764211132,pindamonhangaba,SP
38610,-16.380263206469504,-46.90896157627611,unai,MG
84280,-24.03334068243413,-50.458642302430896,curiuva,PR
21321,-22.88541129531417,-43.36617015321134,rio de janeiro,RJ
7031,-23.49973442714524,-46.54932467638062,guarulhos,SP
44740,-10.938528134110545,-40.41699008651786,saúde,BA
52041,-8.034818066165402,-34.89704092269864,recife,PE
5017,-23.53834745490216,-46.68325805037795,sao paulo,SP
41810,-12.995675161809686,-38.45402823980032,salvador,BA
2230,-23.48187630030584,-46.56193910866176,sao paulo,SP
4929,-23.698984526227704,-46.76832732875525,sao paulo,SP
12850,-22.707685235504464,-44.31941499096626,bananal,SP
28025,-21.782950151175054,-41.33235046856958,campos dos goytacazes,RJ
18800,-23.202700538023603,-49.3787731502464,piraju,SP
87200,-23.654860503242663,-52.60771270408518,cianorte,PR
18013,-23.484829913959263,-47.431115623088495,sorocaba,SP
3420,-23.551279648623712,-46.54622562698363,são paulo,SP
76400,-14.506393249969706,-49.1428973593704,uruacu,GO
2461,-23.49538071321,-46.636104845309966,sao paulo,SP
24342,-22.91960861746119,-43.00416817619771,niterói,RJ
3676,-23.521242803220037,-46.4946138753823,sao paulo,SP
47800,-12.148111534830049,-44.992993984244364,barreiras,BA
13802,-22.43384497085809,-46.934008412574286,mogi mirim,SP
87360,-24.178583650977988,-53.02245222089117,goioerê,PR
29031,-20.289624660159557,-40.34390318677004,vitoria,ES
11440,-23.98575825309215,-46.24299155313549,guaruja,SP
7847,-23.312390014180007,-46.72230014005307,franco da rocha,SP
3192,-23.572447114345916,-46.58010397446478,sao paulo,SP
8572,-23.4924975,-46.33910325,itaquaquecetuba,SP
57800,-9.169223760247784,-36.02358702049556,união dos palmares,AL
18705,-23.09761859775466,-48.93060300160382,avare,SP
21550,-22.860516929770963,-43.36098539425243,rio de janeiro,RJ
1409,-23.55910483957529,-46.655777901206,sao paulo,SP
41500,-12.919479756534216,-38.35176540788528,salvador,BA
90640,-30.059763600611685,-51.20525137953725,porto alegre,RS
59655,-4.954271675183957,-37.13459875601056,areia branca,RN
17056,-22.359882038028704,-49.100914887298856,bauru,SP
91920,-30.1112083230711,-51.23177140368748,porto alegre,RS
13240,-23.103397487413545,-46.72317126063324,jarinu,SP
12053,-22.999692572800832,-45.568896429463685,taubaté,SP
51011,-8.097074381903171,-34.88446710421837,recife,PE
9270,-23.64067624625605,-46.48924835631462,santo andre,SP
19015,-22.12319723706468,-51.39100215149586,presidente prudente,SP
88240,-27.291591,-48.85434899999999,sao joao batista,SC
14140,-21.33139522058375,-47.732390989533066,cravinhos,SP
8290,-23.549875336262858,-46.45968368131428,são paulo,SP
89500,-26.776029909154293,-51.01825168666864,cacador,SC
81010,-25.477097800860548,-49.272478200471056,curitiba,PR
9450,-23.74462741271851,-46.382290459893824,rio grande da serra,SP
12970,-23.05359999999996,-46.35971999999998,piracaia,SP
55012,-8.278777831769336,-35.9665694470511,caruaru,PE
18200,-23.588529882488803,-48.05095718688732,itapetininga,SP
78115,-15.627122869345996,-56.11837475230988,várzea grande,MT
20540,-22.923606027756925,-43.238897318627714,rio de janeiro,RJ
42809,-12.691922464084072,-38.323080048435095,camacari,BA
81540,-25.470365602920086,-49.21806878007515,curitiba,PR
25807,-22.104238946124585,-43.20567496955738,tres rios,RJ
76230,-16.430576006381916,-51.82326782200324,piranhas,GO
96640,-29.983288728453605,-52.37156235920862,rio pardo,RS
13045,-22.928546262178877,-47.0440098793479,campinas,SP
25545,-22.7928656841643,-43.39329210039258,sao joao de meriti,RJ
62023,-3.691870777677466,-40.37329345706548,sobral,CE
35280,-18.569057961152563,-41.23430624891284,itabirinha,MG
3131,-23.579327515119207,-46.58051330114255,sao paulo,SP
18214,-23.578989461977965,-48.021882620998745,itapetininga,SP
79490,-19.387862300124624,-54.581910686532574,sao gabriel do oeste,MS
20730,-22.897171749379627,-43.294860340412015,rio de janeiro,RJ
4120,-23.595270768249744,-46.63296139301168,sao paulo,SP
4424,-23.6880633141843,-46.642584405216695,sao paulo,SP
11055,-23.96716930362406,-46.32699226005544,santos,SP
18409,-23.98231009281668,-48.89176995667781,itapeva,SP
24412,-22.848716912774712,-43.076508635321886,são gonçalo,RJ
18603,-22.88432509788077,-48.45934051463188,botucatu,SP
37062,-21.58086054250368,-45.44515895749631,varginha,MG
12244,-23.190461679987617,-45.93235291483087,são josé dos campos,SP
82560,-25.387725510127545,-49.23946446878061,curitiba,PR
69028,-3.052092871560535,-60.007565975529005,manaus,AM
83870,-25.981079999999963,-49.68296999999996,campo do tenente,PR
21051,-22.87584913517794,-43.268446438686425,rio de janeiro,RJ
81720,-25.51114823091353,-49.25700127269314,curitiba,PR
85812,-24.953469745513143,-53.45367665777031,cascavel,PR
23067,-22.88316738777429,-43.61387262242886,rio de janeiro,RJ
62600,-3.6866246927145774,-39.58797477134605,itapaje,CE
24912,-22.90797637664084,-42.83488013225559,marica,RJ
36420,-20.510591770684176,-43.71587192165527,ouro branco,MG
30150,-19.92243425062038,-43.92230357576895,belo horizonte,MG
30431,-19.931772645853748,-43.96472805052219,belo horizonte,MG
57500,-9.370739832931235,-37.24451063232877,santana do ipanema,AL
2322,-23.44782919539498,-46.59848262906109,sao paulo,SP
4273,-23.593361144324533,-46.61990378711986,sao paulo,SP
12220,-23.180281496373595,-45.84740371339964,sao jose dos campos,SP
27155,-22.497462657246626,-43.92549303357544,vargem alegre,RJ
3244,-23.60141149264241,-46.54163122675859,sao paulo,SP
89507,-26.76854929403869,-51.00745260295983,cacador,SC
5882,-23.681168182353247,-46.78179569761669,sao paulo,SP
4858,-23.7729195992267,-46.71737515903972,sao paulo,SP
3818,-23.49831814793122,-46.49260968872989,são paulo,SP
52131,-8.009006458243,-34.90560408626973,recife,PE
5727,-23.624034208199934,-46.73798970334607,sao paulo,SP
16901,-20.88323636248803,-51.38042970920514,andradina,SP
24320,-22.909371139881134,-43.05350964406473,niteroi,RJ
8560,-23.528234287148138,-46.337173804476926,poa,SP
97010,-29.681592448315108,-53.82197060393884,santa maria,RS
13084,-22.829504647238736,-47.07982626602805,campinas,SP
11440,-23.98596065306711,-46.233442377604,guaruja,SP
8270,-23.55362945490216,-46.46265484456696,sao paulo,SP
22725,-22.91184,-43.38271265263442,rio de janeiro,RJ
13185,-22.89454048723465,-47.17192493443167,hortolandia,SP
14900,-21.5931419734954,-48.81285657399242,itapolis,SP
58396,-6.826642386160112,-35.75993617605351,arara,PB
98170,-29.07614507158061,-53.84164348224493,tupancireta,RS
37270,-20.889092028177355,-45.27741549666062,campo belo,MG
77403,-11.72411186348886,-49.06476418051269,gurupi,TO
1234,-23.540477552599658,-46.66420373659767,são paulo,SP
13843,-22.38256553775261,-46.94195631686392,mogi-guacu,SP
30310,-19.9532494432454,-43.92798659285006,belo horizonte,MG
95945,-29.14317502092709,-52.23764390291954,pouso novo,RS
4729,-23.637621164031383,-46.71906179516995,são paulo,SP
29055,-20.308306567314837,-40.29372913223509,vitoria,ES
9820,-23.747871456575595,-46.55156399999999,sao bernardo do campo,SP
44089,-12.27586722208878,-38.94662510401029,feira de santana,BA
75850,-16.955561717431788,-51.81972224900476,caiaponia,GO
88862,-28.502747112800847,-49.458866514321606,treviso,SC
38840,-18.9971340788909,-46.31746006612501,carmo do paranaiba,MG
19280,-22.52771479419069,-52.163737451230645,teodoro sampaio,SP
35930,-19.82412234230363,-43.15735202762142,joao monlevade,MG
8120,-23.50234185562577,-46.39117361849633,sao paulo,SP
12230,-23.228083519562613,-45.8935464240868,sao jose dos campos,SP
13060,-22.946902665353463,-47.11152991549217,campinas,SP
13304,-23.269217214477457,-47.2672102522957,itu,SP
4728,-23.63665114404664,-46.71408332469114,são paulo,SP
78460,-14.720579999999927,-56.31325999999996,nobres,MT
72220,-15.834062424159184,-48.10990197874483,brasília,DF
5767,-23.63537189766336,-46.76159695438282,sao paulo,SP
86420,-23.42729652352589,-49.71785952982403,carlopolis,PR
8246,-23.526892330284458,-46.43583531556928,sao paulo,SP
70756,-15.75932308909636,-47.89028608130804,brasilia,DF
5411,-23.56046194255291,-46.676316666397305,sao paulo,SP
6266,-23.49516639690681,-46.7875186780254,osasco,SP
5161,-23.48955326894223,-46.7559615380287,são paulo,SP
8737,-23.538754113161417,-46.212413326031694,mogi das cruzes,SP
2225,-23.484022428530213,-46.57460397945643,sao paulo,SP
37660,-22.544805774842487,-45.76800831097702,paraisopolis,MG
42700,-12.88879918852991,-38.31283818915135,lauro de freitas,BA
5709,-23.61838976796129,-46.74135012184773,sao paulo,SP
5835,-23.647702002221703,-46.74786646794391,sao paulo,SP
38180,-19.541597463030637,-47.01949291970118,araxa,MG
29010,-20.32176154660364,-40.34068383212807,vitoria,ES
15600,-20.279730828397323,-50.26685567948826,fernandopolis,SP
95150,-29.38140128482903,-51.11398599486829,nova petropolis,RS
4736,-23.64049893287676,-46.69436742906788,são paulo,SP
96700,-29.962155654268685,-51.71849890775088,sao jeronimo,RS
89130,-26.88787725596324,-49.23486475650167,indaial,SC
35570,-20.45335684482428,-45.44241301803763,formiga,MG
64218,-2.913159373729694,-41.78053264449582,parnaiba,PI
58038,-7.111217063563927,-34.83341398557327,joao pessoa,PB
36015,-21.76113094976628,-43.35254493949449,juiz de fora,MG
86200,-23.26979899276567,-51.062111689044606,ibipora,PR
2358,-23.448815927001004,-46.607978084107486,são paulo,SP
88317,-26.89555405444961,-48.73223390113494,itajai,SC
79035,-20.4145762853022,-54.56021254426111,campo grande,MS
38950,-19.598096999999942,-46.61303299999997,ibia,MG
14270,-21.49382490305972,-47.373799229464815,santa rosa de viterbo,SP
14600,-20.57019501487092,-47.86344176696825,são joaquim da barra,SP
73252,-15.692428461429152,-47.82449797869316,brasília,DF
52070,-8.027718558976295,-34.917121048012014,recife,PE
8080,-23.488786769681983,-46.42909350233016,sao paulo,SP
39402,-16.724776190951587,-43.8411629023025,montes claros,MG
19880,-22.74325837432012,-50.388422538699466,cândido mota,SP
18960,-23.015447691076737,-49.4780678730559,bernardino de campos,SP
18160,-23.6445401859126,-47.57546121526136,salto de pirapora,SP
96408,-31.30534057119673,-54.11136802600594,bage,RS
35500,-20.13912208264775,-44.89061685653035,divinopolis,MG
73900,-14.084649749468992,-46.3713153120751,posse,GO
16010,-21.205358214265107,-50.43885306841134,aracatuba,SP
4340,-23.66837027699232,-46.64439280252753,sao paulo,SP
2167,-23.522903946448046,-46.58180409758191,sao paulo,SP
18111,-23.529029898147567,-47.44669245790326,votorantim,SP
7920,-23.273141123325853,-46.75506478659025,francisco morato,SP
23907,-23.006181069590443,-44.29685966396692,angra dos reis,RJ
9350,-23.68581389064575,-46.44517410990251,maua,SP
78370,-14.77571374984275,-57.28500969508904,nova olimpia,MT
30575,-19.972757515119216,-43.96850883790185,belo horizonte,MG
26600,-22.60849281916589,-43.70957030966758,paracambi,RJ
36700,-21.52920545053638,-42.64766365406966,leopoldina,MG
4367,-23.65158034194123,-46.667819609210014,sao paulo,SP
2082,-23.494971614490147,-46.60891759478329,são paulo,SP
88330,-26.986897435743582,-48.6355498529055,balneario camboriu,SC
28360,-21.13206348784065,-41.667330222162576,bom jesus do itabapoana,RJ
30431,-19.93537919401,-43.970776397166624,belo horizonte,MG
85805,-24.95873780573019,-53.49366667066782,cascavel,PR
15250,-20.88751740120229,-49.893954391486574,uniao paulista,SP
85807,-24.937358910772154,-53.49997086640849,cascavel,PR
27253,-22.512679638351923,-44.09026387538231,volta redonda,RJ
30535,-19.92067318318997,-43.98687773593384,belo horizonte,MG
46880,-12.52948533178248,-40.29800167242179,itaberaba,BA
8529,-23.550429056260683,-46.376845231876,ferraz de vasconcelos,SP
96835,-29.757891455299585,-52.41617039185212,santa cruz do sul,RS
75730,-18.155293808531468,-47.56129088726932,davinópolis,GO
29709,-19.518335002252403,-40.6255799932428,colatina,ES
47640,-13.395249441586424,-44.20690813669896,santa maria da vitoria,BA
86056,-23.31859526227714,-51.22625518997062,londrina,PR
12070,-23.012885323398955,-45.5420858330971,taubate,SP
95670,-29.375845742616185,-50.87495677284797,gramado,RS
12237,-23.238244582289816,-45.91183876103639,sao jose dos campos,SP
6288,-23.50287516608897,-46.76883893771664,osasco,SP
13212,-23.16910010768081,-46.968245650412726,jundiai,SP
44572,-12.9857453655916,-39.27444543836388,santo antonio de jesus,BA
5143,-23.495176099919185,-46.72160750652086,sao paulo,SP
59114,-5.758857842265774,-35.27378257443265,natal,RN
41720,-12.969482710844934,-38.43875577112362,salvador,BA
7044,-23.484299144324535,-46.55307225437127,guarulhos,SP
79370,-19.00620451010036,-57.61091670625645,ladario,MS
2757,-23.48898579617481,-46.68570645991672,sao paulo,SP
35680,-20.08098161136718,-44.57988608542266,itauna,MG
13300,-23.2628468617923,-47.30188069276925,itu,SP
19015,-22.117984353359823,-51.39798692561877,presidente prudente,SP
30455,-19.969375402909787,-43.962869692542206,belo horizonte,MG
50100,-8.04854360560335,-34.888920485429054,recife,PE
11070,-23.960328296150895,-46.34808473910783,santos,SP
37580,-22.43029120280353,-46.58401314237268,monte siao,MG
2132,-23.50095292700101,-46.57535166028047,sao paulo,SP
1306,-23.554889476542243,-46.64957878795658,sao paulo,SP
78700,-16.474098572306502,-54.6336115202551,rondonopolis,MT
4851,-23.748111707340662,-46.662313047230775,sao paulo,SP
30840,-19.89443790091752,-44.003259827370265,belo horizonte,MG
37701,-21.78164919783299,-46.56396946225463,poços de caldas,MG
4337,-23.663758672773948,-46.64570684984707,sao paulo,SP
25935,-22.587776688999952,-43.19048584099994,mage,RJ
81825,-25.52780431779098,-49.27177710421836,curitiba,PR
36500,-21.11378395206893,-42.9410844649761,uba,MG
11310,-23.96364532252407,-46.38485276204064,sao vicente,SP
4547,-23.59677470107913,-46.685808104910855,são paulo,SP
3737,-23.507365138496155,-46.51187086219634,sao paulo,SP
20020,-22.909247465173948,-43.17115454440535,rio de janeiro,RJ
1455,-23.57918134609616,-46.69006437108313,sao paulo,SP
41720,-12.965524641439504,-38.431152363824665,salvador,BA
85555,-26.483635320094248,-51.995583108880304,palmas,PR
90020,-30.028114288649075,-51.224539878008045,porto alegre,RS
12926,-22.9107253097409,-46.54044913627445,bragança paulista,SP
22050,-22.971355740027075,-43.18707951323894,rio de janeiro,RJ
7195,-23.4500362492354,-46.509797493479134,guarulhos,SP
1504,-23.57310994976627,-46.64012396918465,são paulo,SP
98925,-27.50372486051238,-54.362547692178175,doutor mauricio cardoso,RS
48904,-9.423657000000002,-40.48022653689911,juazeiro,BA
54430,-8.19508493217185,-34.93107907715993,jaboatao dos guararapes,PE
80040,-25.42261228642738,-49.25460367874656,curitiba,PR
12608,-22.74160321870852,-45.1304442187085,lorena,SP
24230,-22.90166656396795,-43.104569253823016,niteroi,RJ
85806,-24.950336533824345,-53.51076900765392,cascavel,PR
24804,-22.73759272257381,-42.83865632298038,itaborai,RJ
2460,-23.491834900298823,-46.63618474398517,sao paulo,SP
46400,-14.065860393394347,-42.484623642336594,caetite,BA
18530,-23.101014561350976,-47.715625180154646,tietê,SP
48410,-10.58891382804311,-38.38006349348031,cicero dantas,BA
2120,-23.513432594783307,-46.594249931444416,sao paulo,SP
23970,-23.22040120094896,-44.71768862380862,parati,RJ
58416,-7.232867130460873,-35.89776472067062,campina grande,PB
37502,-22.429248034028006,-45.45393843461251,itajuba,MG
30820,-19.903094234808663,-43.99590579017828,belo horizonte,MG
3359,-23.56736465116532,-46.54797688226251,sao paulo,SP
86800,-23.554579979979465,-51.45746131292457,apucarana,PR
36555,-20.841355600995804,-42.65990059287646,ervalia,MG
27913,-22.38174513435458,-41.77092747232096,macae,RJ
36880,-20.99211585837445,-42.37139376783794,muriae,MG
85760,-25.66836838789757,-53.80176753351444,capanema,PR
7082,-23.438938138496155,-46.54232497085809,guarulhos,SP
25085,-22.798539234821863,-43.28967195453316,duque de caxias,RJ
9710,-23.71102852034145,-46.545741356855935,sao bernardo do campo,SP
32340,-19.9317494794355,-44.04199448930432,contagem,MG
4167,-23.6335012492354,-46.61410452844942,sao paulo,SP
64900,-9.076477010305846,-44.35936821133642,bom jesus,PI
76100,-16.516272212942784,-50.3617806683042,sao luis de montes belos,GO
39860,-17.837756838282026,-40.34899092190389,nanuque,MG
12237,-23.24588611201357,-45.91324130118446,são josé dos campos,SP
8615,-23.546785307030483,-46.29527848264822,suzano,SP
13165,-22.455656219238968,-47.192120529286,engenheiro coelho,SP
68540,-8.276300617443493,-49.26863672288365,conceicao do araguaia,PA
74390,-16.71709399362336,-49.37015583166945,goiania,GO
79002,-20.46877244936224,-54.62064779516994,campo grande,MS
86850,-24.255656101124234,-51.250954502810586,rosário do ivaí,PR
65058,-2.5955710094350657,-44.19063726089215,sao luis,MA
22410,-22.98084150043269,-43.20805083527611,rio de janeiro,RJ
85160,-25.38178572697352,-52.1243372711919,cantagalo,PR
3513,-23.53391511740433,-46.52340802914191,sao paulo,SP
81230,-25.4652112461314,-49.34509573880646,curitiba,PR
70753,-15.756254625481269,-47.88720327171858,brasilia,DF
4547,-23.59787220788847,-46.6836234461596,sao paulo,SP
75855,-16.72148983637897,-52.31402396605873,doverlandia,GO
16880,-21.223286813725075,-50.87547927401821,valparaiso,SP
20270,-22.91328167747715,-43.217287443389615,rio de janeiro,RJ
3186,-23.56726054731954,-46.58397325145708,sao paulo,SP
2407,-23.4837005656414,-46.62395716556059,sao paulo,SP
21381,-22.88025452513119,-43.31353232183036,rio de janeiro,RJ
22775,-22.972424360764293,-43.35950666877284,rio de janeiro,RJ
22783,-22.991055140217163,-43.49263982132595,rio de janeiro,RJ
30535,-19.92782987039064,-43.99293167332222,belo horizonte,MG
36570,-20.751578897453925,-42.8705122613793,vicosa,MG
54430,-8.194760389472822,-34.92255522804813,jaboatao dos guararapes,PE
18205,-23.598715573991782,-48.04625843093877,itapetininga,SP
29730,-19.52179724211158,-41.0019461639772,baixo guandu,ES
4187,-23.646636,-46.594854,sao paulo,SP
32900,-20.05481009805341,-44.326361289008986,igarape,MG
37504,-22.431244019979413,-45.49131453596837,itajuba,MG
3425,-23.558134316406004,-46.53937063474525,sao paulo,SP
36033,-21.785742,-43.36483050000001,juiz de fora,MG
4608,-23.627816339719523,-46.671689503750905,sao paulo,SP
25804,-22.11868314355313,-43.20940822804988,tres rios,RJ
40150,-12.999325608052333,-38.52571637590619,salvador,BA
8790,-23.54253479324119,-46.1660507932412,mogi das cruzes,SP
6220,-23.51630055620634,-46.78172383040003,osasco,SP
22021,-22.965119383547957,-43.17385378380163,rio de janeiro,RJ
76940,-11.710572993525718,-61.77927765853752,rolim de moura,RO
81670,-25.499801294477464,-49.24385019830918,curitiba,PR
36200,-21.232267920465752,-43.77002363272546,barbacena,MG
6859,-23.707599042157472,-46.83419043923777,itapecerica da serra,SP
35501,-20.108235163368025,-44.84704889892144,divinopolis,MG
83308,-25.48370765555772,-49.12277000152031,piraquara,PR
72980,-15.8632186621744,-48.974007118726725,pirenopolis,GO
4763,-23.67073513988114,-46.71776453733621,sao paulo,SP
13101,-22.90081444463038,-46.99864279239999,campinas,SP
6775,-23.633762018321864,-46.786840528853446,taboao da serra,SP
18745,-23.63139889844945,-49.3134619298062,coronel macedo,SP
9390,-23.642778496828797,-46.45476568463682,maua,SP
23033,-22.950679195133485,-43.604527843952,rio de janeiro,RJ
5424,-23.567167707744236,-46.69594823397196,sao paulo,SP
35012,-18.85673384714749,-41.95914954525863,governador valadares,MG
37902,-20.729847021568247,-46.61931857283502,passos,MG
77019,-10.256316984917696,-48.3398876768303,palmas,TO
9310,-23.67337652120739,-46.4418500553696,mauá,SP
41343,-12.904024499999991,-38.39196374999999,salvador,BA
88305,-26.8959856000706,-48.676457243327306,itajai,SC
89108,-26.60814098854333,-49.00192915978513,massaranduba,SC
35600,-19.746860699678194,-45.27810127856231,bom despacho,MG
14050,-21.165156534277795,-47.819485760199655,ribeirao preto,SP
54450,-8.202841936691895,-34.921637755173265,jaboatao dos guararapes,PE
38030,-19.764659557344995,-47.92985605960249,uberaba,MG
11706,-24.049032161832702,-46.52575047282215,praia grande,SP
4542,-23.590099330284463,-46.68721423175023,sao paulo,SP
35740,-19.824782317780752,-44.16006322921525,esmeraldas,MG
84600,-26.22920932840799,-51.08835073197027,uniao da vitoria,PR
24456,-22.810945734370332,-43.0094180888131,sao goncalo,RJ
22051,-22.936995995556597,-43.17582940980434,rio de janeiro,RJ
19015,-22.119893813087256,-51.39585173626122,presidente prudente,SP
